[
	{
		"month": "1月",
		"sh_market_capitalization": 351041.76,
		"sh_transaction_amount": 58096.59,
		"sh_pe_ratio": 19.25,
		"sz_market_capitalization": 0,
		"sz_transaction_amount": 0,
		"sz_pe_ratio": 0
	},
	{
		"month": "2月",
		"sh_market_capitalization": 334105.65,
		"sh_transaction_amount": 32855.64,
		"sh_pe_ratio": 18.29,
		"sz_market_capitalization": 0,
		"sz_transaction_amount": 0,
		"sz_pe_ratio": 0
	},
	{
		"month": "3月",
		"sh_market_capitalization": 351041.76,
		"sh_transaction_amount": 44281.8,
		"sh_pe_ratio": 17.77,
		"sz_market_capitalization": 0,
		"sz_transaction_amount": 0,
		"sz_pe_ratio": 0
	},
	{
		"month": "4月",
		"sh_market_capitalization": 317966.5,
		"sh_transaction_amount": 34107.67,
		"sh_pe_ratio": 17.31,
		"sz_market_capitalization": 0,
		"sz_transaction_amount": 0,
		"sz_pe_ratio": 0
	},
	{
		"month": "5月",
		"sh_market_capitalization": 320700.9,
		"sh_transaction_amount": 38396.92,
		"sh_pe_ratio": 15.16,
		"sz_market_capitalization": 0,
		"sz_transaction_amount": 0,
		"sz_pe_ratio": 0
	},
	{
		"month": "6月",
		"sh_market_capitalization": 299581.98,
		"sh_transaction_amount": 31271.66,
		"sh_pe_ratio": 14.06,
		"sz_market_capitalization": 0,
		"sz_transaction_amount": 0,
		"sz_pe_ratio": 0
	},
	{
		"month": "7月",
		"sh_market_capitalization": 305437.19,
		"sh_transaction_amount": 32764.68,
		"sh_pe_ratio": 14.29,
		"sz_market_capitalization": 0,
		"sz_transaction_amount": 0,
		"sz_pe_ratio": 0
	},
	{
		"month": "8月",
		"sh_market_capitalization": 290651.27,
		"sh_transaction_amount": 28885.38,
		"sh_pe_ratio": 13.58,
		"sz_market_capitalization": 0,
		"sz_transaction_amount": 0,
		"sz_pe_ratio": 0
	},
	{
		"month": "9月",
		"sh_market_capitalization": 301557.15,
		"sh_transaction_amount": 21689.22,
		"sh_pe_ratio": 14.07,
		"sz_market_capitalization": 0,
		"sz_transaction_amount": 0,
		"sz_pe_ratio": 0
	},
	{
		"month": "10月",
		"sh_market_capitalization": 278622.02,
		"sh_transaction_amount": 24566.14,
		"sh_pe_ratio": 13,
		"sz_market_capitalization": 0,
		"sz_transaction_amount": 0,
		"sz_pe_ratio": 0
	},
	{
		"month": "11月",
		"sh_market_capitalization": 300285.49,
		"sh_transaction_amount": 29652.15,
		"sh_pe_ratio": 13.88,
		"sz_market_capitalization": 0,
		"sz_transaction_amount": 0,
		"sz_pe_ratio": 0
	},
	{
		"month": "12月",
		"sh_market_capitalization": 320765.48,
		"sh_transaction_amount": 30985.4,
		"sh_pe_ratio": 14.65,
		"sz_market_capitalization": 0,
		"sz_transaction_amount": 0,
		"sz_pe_ratio": 0
	}
]