[
	{
		"name": "农林牧渔",
		"children": [
			{
				"name": "农业",
				"value": 15
			}, {
				"name": "林业",
				"value": 4
			}, {
				"name": "畜牧业",
				"value": 12
			}, {
				"name": "渔业",
				"value": 9
			}, {
				"name": "农、林、牧、渔服务业",
				"value": 1
			}
		]
	}, {
		"name": "采矿业",
		"children": [
			{
				"name": "煤炭开采和洗选业",
				"value": 27
			}, {
				"name": "石油和天然气开采业",
				"value": 5
			}, {
				"name": "黑色金属矿采选业",
				"value": 5
			}, {
				"name": "有色金属矿采选业",
				"value": 23
			}, {
				"name": "非金属矿采选业",
				"value": 1
			}, {
				"name": "开采辅助活动",
				"value": 16
			}
		]
	}, {
		"name": "制造业",
		"children": [
			{
				"name": "农副食品加工业",
				"value": 49
			}, {
				"name": "食品制造业",
				"value": 42
			}, {
				"name": "酒、饮料和精制茶制造业",
				"value": 43
			}, {
				"name": "纺织业",
				"value": 40
			}, {
				"name": "纺织服装、服饰业",
				"value": 37
			}, {
				"name": "皮革、毛皮、羽毛及其制品和制鞋业",
				"value": 11
			}, {
				"name": "木材加工及木、竹、藤、棕、草制品业",
				"value": 8
			}, {
				"name": "家具制造业",
				"value": 23
			}, {
				"name": "造纸及纸制品业",
				"value": 29
			}, {
				"name": "印刷和记录媒介复制业",
				"value": 12
			}, {
				"name": "文教、工美、体育和娱乐用品制造业",
				"value": 13
			}, {
				"name": "石油加工、炼焦及核燃料加工业",
				"value": 16
			}, {
				"name": "化学原料及化学制品制造业",
				"value": 33
			}, {
				"name": "医药制造业",
				"value": 64
			}, {
				"name": "化学纤维制造业",
				"value": 23
			}, {
				"name": "橡胶和塑料制品业",
				"value": 74
			}, {
				"name": "非金属矿物制品业",
				"value": 83
			}, {
				"name": "黑色金属冶炼及压延加工业",
				"value": 31
			}, {
				"name": "有色金属冶炼及压延加工业",
				"value": 68
			}, {
				"name": "金属制品业",
				"value": 59
			}, {
				"name": "通用设备制造业",
				"value": 68
			}, {
				"name": "专用设备制造业",
				"value": 42
			}, {
				"name": "汽车制造业",
				"value": 27
			}, {
				"name": "铁路、船舶、航空航天和其它运输设备制造业",
				"value": 48
			}, {
				"name": "电气机械及器材制造业",
				"value": 36
			}, {
				"name": "计算机、通信和其他电子设备制造业",
				"value": 29
			}, {
				"name": "仪器仪表制造业",
				"value": 45
			}, {
				"name": "其他制造业",
				"value": 21
			}, {
				"name": "废弃资源综合利用业",
				"value": 5
			}
		]
	}, {
		"name": "水电煤气",
		"children": [
			{
				"name": "电力、热力生产和供应业",
				"value": 70
			}, {
				"name": "燃气生产和供应业",
				"value": 24
			}, {
				"name": "水的生产和供应业",
				"value": 15
			}
		]
	}, {
		"name": "建筑业",
		"children": [
			{
				"name": "房屋建筑业",
				"value": 2
			}, {
				"name": "土木工程建筑业",
				"value": 65
			}, {
				"name": "建筑安装业",
				"value": 1
			}, {
				"name": "建筑装饰和其他建筑业",
				"value": 29
			}
		]
	}, {
		"name": "批发零售",
		"children": [
			{
				"name": "批发业",
				"value": 77
			}, {
				"name": "零售业",
				"value": 86
			}
		]
	}, {
		"name": "运输仓储",
		"children": [
			{
				"name": "铁路运输业",
				"value": 4
			}, {
				"name": "道路运输业",
				"value": 35
			}, {
				"name": "水上运输业",
				"value": 28
			}, {
				"name": "航空运输业",
				"value": 13
			}, {
				"name": "装卸搬运和其他运输代理业",
				"value": 7
			}, {
				"name": "仓储业",
				"value": 9
			}, {
				"name": "邮政业",
				"value": 5
			}
		]
	}, {
		"name": "住宿餐饮",
		"children": [
			{
				"name": "住宿业",
				"value": 6
			}, {
				"name": "餐饮业",
				"value": 3
			}
		]
	}, {
		"name": "信息技术",
		"children": [
			{
				"name": "电信、广播电视和卫星传输传输服务",
				"value": 15
			}, {
				"name": "互联网和相关服务",
				"value": 60
			}, {
				"name": "软件和信息技术服务业",
				"value": 186
			}
		]
	}, {
		"name": "金融业",
		"children": [
			{
				"name": "货币金融服务",
				"value": 28
			}, {
				"name": "资本市场服务",
				"value": 42
			}, {
				"name": "保险业",
				"value": 6
			}, {
				"name": "其他金融业",
				"value": 11
			}
		]
	}, {
		"name": "房地产",
		"children": [
			{
				"name": "房地产业",
				"value": 128
			}
		]
	}, {
		"name": "商务服务",
		"children": [
			{
				"name": "租赁业",
				"value": 4
			}, {
				"name": "商务服务业",
				"value": 48
			}
		]
	}, {
		"name": "科学服务",
		"children": [
			{
				"name": "研究和试验发展",
				"value": 6
			}, {
				"name": "专业技术服务业",
				"value": 42
			}, {
				"name": "科技推广和应用服务业",
				"value": 1
			}
		]
	}, {
		"name": "公共环保",
		"children": [
			{
				"name": "生态保护和环境治理业",
				"value": 33
			}, {
				"name": "公共设施管理业",
				"value": 16
			}
		]
	}, {
		"name": "居民服务",
		"children": [
			{
				"name": "机动车、电子产品和日用",
				"value": 1
			}
		]
	}, {
		"name": "教育",
		"children": [
			{
				"name": "教育",
				"value": 3
			}
		]
	}, {
		"name": "卫生",
		"children": [
			{
				"name": "卫生",
				"value": 10
			}, {
				"name": "新闻和出版业",
				"value": 23
			}
		]
	}, {
		"name": "文化传播",
		"children": [
			{
				"name": "广播、电视、电影和影视录音制作业",
				"value": 25
			}, {
				"name": "文化艺术业",
				"value": 9
			}, {
				"name": "体育",
				"value": 1
			}
		]
	}, {
		"name": "综合",
		"children": [
			{
				"name": "综合",
				"value": 22
			}
		]
	}
]