
{"data":
[{"id":"001","no":"012017002351","no02":"川AX2015","no03":"HA201653205","no04":"WS5623","no05":"20163269","no06":"2014563298","name":"李四","person":"高家袢","type":"道路运输","unit":"xxxx运输公司","num":"10吨","num01":"10吨","oper":"1"},
  {"id":"002","no":"012017002352","no02":"川KW2020","no03":"HA251653208","no04":"WS698","no05":"26352102","no06":"20130605231","name":"李四","person":"刘加朗","type":"道路运输","unit":"xxxx运输公司","num":"15吨","num01":"15吨","oper":"1"},
  {"id":"003","no":"012017002353","no02":"川OWY963","no03":"HA251669321","no04":"WS8945","no05":"39654125","no06":"2008236512","name":"李四","person":"陈小林","type":"道路运输","unit":"xxxx运输公司","num":"10吨","num01":"10吨","oper":"1"},
  {"id":"004","no":"012017002354","no02":"川ZLy023","no03":"HA258974523","no04":"WS0026","no05":"79563201","no06":"2006020365","name":"吴伟","person":"张强","type":"道路运输","unit":"xxxx运输公司","num":"10吨","num01":"10吨","oper":"1"},
  {"id":"005","no":"012017002355","no02":"川KMX365","no03":"HA103695245","no04":"WS6931","no05":"42159876","no06":"20132563011","name":"李四","person":"李四","type":"道路运输","unit":"xxxx运输公司","num":"15吨","num01":"15吨","oper":"1"},
  {"id":"006","no":"012017002356","no02":"川JSQ386","no03":"HA289756301","no04":"WS0285","no05":"56932104","no06":"20120508360","name":"李四","person":"李四","type":"道路运输","unit":"xxxx运输公司","num":"10吨","num01":"10吨","oper":"1"},
  {"id":"007","no":"012017002357","no02":"川ELL531","no03":"HA458932412","no04":"WS8562","no05":"87236951","no06":"01201700235","name":"严林","person":"李四","type":"道路运输","unit":"xxxx运输公司","num":"12吨","num01":"12吨","oper":"1"},
  {"id":"008","no":"012017002358","no02":"川APO089","no03":"HA896325252","no04":"WS6932","no05":"36925417","no06":"20112365851","name":"李四一","person":"吴腾","type":"道路运输","unit":"xxxx运输公司","num":"30吨","num01":"30吨","oper":"1"},
  {"id":"009","no":"012017002359","no02":"川XLK120","no03":"HA582628714","no04":"WS8563","no05":"85964725","no06":"2016365210","name":"周海","person":"李牛飞","type":"道路运输","unit":"xxxx运输公司","num":"10吨","num01":"10吨","oper":"1"},
  {"id":"010","no":"012017002301","no02":"川YPJ238","no03":"HA895723625","no04":"WS8710","no05":"11563320","no06":"5126398541","name":"李四","person":"赵家明","type":"道路运输","unit":"xxxx运输公司","num":"20吨","num01":"20吨","oper":"1"},
  {"id":"011","no":"012017002301","no02":"川KSD002","no03":"HA589362101","no04":"WS5210","no05":"52369802","no06":"2016986521","name":"李四","person":"李四","type":"道路运输","unit":"xxxx运输公司","num":"100吨","num01":"100吨","oper":"1"}















]}