
{"data":
[{"check":"","id":"莎迪璐女靴厂","title":"800m","type":"5km","person":"空气、水源","location":"省安监局","time":"2017-05-13","con":"5-20对全省进行安全检查","oper":"1"},
  {"check":"","id":"尼尔黛日用化工厂","title":"1.1km","type":"1km","person":"火灾、空气","location":"省安监局","time":"2017-04-29","con":"四川省安全会议5月3日召开","oper":"1"},
  {"check":"","id":"电子电器生产厂","title":"1.13km","type":"10km","person":"空气、水源","location":"省安监局","time":"2017-04-26","con":"全省安全培训4月23日开课","oper":"1"},
  {"check":"","id":"电器生产厂","title":"1.4km","type":"2km","person":"火灾、空气","location":"省安监局","time":"2017-04-23","con":"4-23最新安全条例已上传","oper":"1"},
  {"check":"","id":"轻工业生产厂","title":"2km","type":"0.8km","person":"火灾、空气","location":"省安监局","time":"2017-04-11","con":"4-13省安监局进行内部检测","oper":"1"},
  {"check":"","id":"工业化工厂","title":"2.6km","type":"8km","person":"空气、水源","location":"省安监局","time":"2017-03-29","con":"4-02省安监局党委培训开课了","oper":"1"},
  {"check":"","id":"工业化工厂","title":"3.6km","type":"6km","person":"空气、水源","location":"省安监局","time":"2017-03-03","con":"3-03全省进入安全检查周","oper":"1"},
  {"check":"","id":"仓库","title":"4km","type":"2km","person":"火灾、空气","location":"省安监局","time":"2017-02-25","con":"2-25对张江同志进行内容处分","oper":"1"},
  {"check":"","id":"电器生产厂","title":"1.1km","type":"1km","person":"火灾、空气","location":"省安监局","time":"2017-02-10","con":"2-15全省开展学习全国安监法","oper":"1"}











]}