
{"data":
[{"check":"","id":"001","title":"对全省进行安全检查通知","type":"通知","person":"省安监局","location":"省安监局","time":"2017-05-13","con":"5-20对全省进行安全检查","oper":"1"},
  {"check":"","id":"002","title":"四川省安全会议5月3日召开","type":"通知","person":"省安监局","location":"省安监局","time":"2017-04-29","con":"四川省安全会议5月3日召开","oper":"1"},
  {"check":"","id":"003","title":"全省安全培训4月23日开课","type":"通知","person":"省安监局","location":"省安监局","time":"2017-04-26","con":"全省安全培训4月23日开课","oper":"1"},
  {"check":"","id":"004","title":"最新安全条例已上传","type":"公告","person":"省安监局","location":"省安监局","time":"2017-04-23","con":"4-23最新安全条例已上传","oper":"1"},
  {"check":"","id":"005","title":"省安监局进行内部检测","type":"通知","person":"省安监局","location":"省安监局","time":"2017-04-11","con":"4-13省安监局进行内部检测","oper":"1"},
  {"check":"","id":"006","title":"省安监局党委培训开课了","type":"公告","person":"省安监局","location":"省安监局","time":"2017-03-29","con":"4-02省安监局党委培训开课了","oper":"1"},
  {"check":"","id":"007","title":"全省进入安全检查周","type":"通知","person":"省安监局","location":"省安监局","time":"2017-03-03","con":"3-03全省进入安全检查周","oper":"1"},
  {"check":"","id":"008","title":"对张江同志进行内容处分","type":"公告","person":"省安监局","location":"省安监局","time":"2017-02-25","con":"2-25对张江同志进行内容处分","oper":"1"},
  {"check":"","id":"009","title":"全省开展学习全国安监法","type":"通知","person":"省安监局","location":"省安监局","time":"2017-02-10","con":"2-15全省开展学习全国安监法","oper":"1"}











]}